{"cameraMode":{"drawMode":0,"name":"Shaded","section":"Shading Mode"},"sceneLighting":true,"audioPlay":false,"sceneViewState":{"showFog":false,"showMaterialUpdate":false,"showSkybox":true,"showFlares":false,"showImageEffects":false,"showParticleSystems":false},"in2DMode":false,"pivot":{"x":-5475.0498046875,"y":-224.40628051757813,"z":-42.2675895690918},"rotation":{"x":-0.3603236675262451,"y":-0.6382983922958374,"z":0.4540608823299408,"w":-0.5065282583236694},"size":12.795340538024903,"orthographic":false}