{"cameraMode":{"drawMode":0,"name":"Shaded","section":"Shading Mode"},"sceneLighting":false,"audioPlay":false,"sceneViewState":{"showFog":false,"showMaterialUpdate":false,"showSkybox":true,"showFlares":false,"showImageEffects":false,"showParticleSystems":false},"in2DMode":false,"pivot":{"x":0.0,"y":0.6225501894950867,"z":-0.07789888978004456},"rotation":{"x":-0.26031818985939028,"y":-0.3648136556148529,"z":0.10700985789299011,"w":-0.8875214457511902},"size":2.6320505142211916,"orthographic":false}