{"cameraMode":{"drawMode":0,"name":"Shaded","section":"Shading Mode"},"sceneLighting":false,"audioPlay":false,"sceneViewState":{"showFog":false,"showMaterialUpdate":false,"showSkybox":true,"showFlares":false,"showImageEffects":false,"showParticleSystems":false},"in2DMode":false,"pivot":{"x":-29.15999984741211,"y":6.870058059692383,"z":-2.290950298309326},"rotation":{"x":0.10510698705911637,"y":-0.012841456569731236,"z":0.001355079934000969,"w":0.9943771362304688},"size":1.4289418458938599,"orthographic":false}