{"cameraMode":{"drawMode":0,"name":"Shaded","section":"Shading Mode"},"sceneLighting":false,"audioPlay":false,"sceneViewState":{"showFog":true,"showMaterialUpdate":false,"showSkybox":true,"showFlares":true,"showImageEffects":true,"showParticleSystems":true},"in2DMode":false,"pivot":{"x":-47.63557434082031,"y":-210.2698974609375,"z":-14.47500228881836},"rotation":{"x":0.13278080523014069,"y":-0.8638021349906921,"z":0.38293546438217165,"w":0.2992919683456421},"size":410.80804443359377,"orthographic":false}