{"cameraMode":{"drawMode":0,"name":"Shaded","section":"Shading Mode"},"sceneLighting":false,"audioPlay":false,"sceneViewState":{"showFog":true,"showMaterialUpdate":false,"showSkybox":true,"showFlares":true,"showImageEffects":true,"showParticleSystems":true},"in2DMode":false,"pivot":{"x":-29.15999984741211,"y":6.870058059692383,"z":-2.290950298309326},"rotation":{"x":0.3364585041999817,"y":-0.24001619219779969,"z":0.08911281824111939,"w":0.9062266945838928},"size":1.4289418458938599,"orthographic":false}