{"cameraMode":{"drawMode":0,"name":"Shaded","section":"Shading Mode"},"sceneLighting":true,"audioPlay":false,"sceneViewState":{"showFog":true,"showMaterialUpdate":false,"showSkybox":true,"showFlares":true,"showImageEffects":true,"showParticleSystems":true},"in2DMode":false,"pivot":{"x":-3503.220458984375,"y":-282.02752685546877,"z":131.23902893066407},"rotation":{"x":-0.2957470715045929,"y":0.020628908649086953,"z":-0.006388325244188309,"w":-0.9550222158432007},"size":236.68797302246095,"orthographic":false}